{"cameraMode":{"drawMode":0,"name":"Shaded","section":"Shading Mode"},"sceneLighting":false,"audioPlay":false,"sceneViewState":{"m_AlwaysRefresh":false,"showFog":true,"showSkybox":false,"showFlares":true,"showImageEffects":true,"showParticleSystems":true,"showVisualEffectGraphs":true,"m_FxEnabled":true},"in2DMode":false,"pivot":{"x":893.4469604492188,"y":649.9555053710938,"z":17.188173294067384},"rotation":{"x":-0.3525485396385193,"y":0.008980589918792248,"z":-0.0033834343776106836,"w":-0.9357484579086304},"size":30.333772659301759,"orthographic":false}